{
	"credit": "Beyond Mines",
	"textures": {
		"side": "beyondmines:block/moss_side",
		"top": "beyondmines:block/moss_carpet",
		"particle": "block/moss_block"
	},
	"elements": [
		{
			"name": "top",
			"from": [-0.09, 0.03, -0.09],
			"to": [16.09, 1.03, 16.09],
			"faces": {
				"north": {"uv": [0, 0, 16, 1], "texture": "#side"},
				"east": {"uv": [0, 0, 16, 1], "texture": "#side"},
				"south": {"uv": [0, 0, 16, 1], "texture": "#side"},
				"west": {"uv": [0, 0, 16, 1], "texture": "#side"},
				"up": {"uv": [0, 0, 16, 16], "texture": "#top"},
				"down": {"uv": [0, 0, 16, 16], "texture": "#top", "cullface": "down"}
			}
		},
		{
			"name": "north",
			"from": [-0.09, -6.97, -0.09],
			"to": [16.09, 0.03, -0.09],
			"faces": {
				"north": {"uv": [0, 1, 16, 8], "texture": "#side", "cullface": "north"},
				"south": {"uv": [16, 1, 0, 8], "texture": "#side", "cullface": "north"}
			}
		},
		{
			"name": "south",
			"from": [-0.09, -6.97, 16.09],
			"to": [16.09, 0.03, 16.09],
			"faces": {
				"north": {"uv": [16, 1, 0, 8], "texture": "#side", "cullface": "south"},
				"south": {"uv": [0, 1, 16, 8], "texture": "#side", "cullface": "south"}
			}
		},
		{
			"name": "east",
			"from": [16.09, -6.97, -0.09],
			"to": [16.09, 0.03, 16.09],
			"faces": {
				"east": {"uv": [0, 1, 16, 8], "texture": "#side", "cullface": "east"},
				"west": {"uv": [16, 1, 0, 8], "texture": "#side", "cullface": "east"}
			}
		},
		{
			"name": "west",
			"from": [-0.09, -6.97, -0.09],
			"to": [-0.09, 0.03, 16.09],
			"faces": {
				"east": {"uv": [16, 1, 0, 8], "texture": "#side", "cullface": "west"},
				"west": {"uv": [0, 1, 16, 8], "texture": "#side", "cullface": "west"}
			}
		}
	],
	"display": {
		"thirdperson_righthand": {
			"rotation": [75, 45, 0],
			"translation": [0, 2.5, 1.75],
			"scale": [0.375, 0.375, 0.375]
		},
		"thirdperson_lefthand": {
			"rotation": [75, 45, 0],
			"translation": [0, 2.5, 1.75],
			"scale": [0.375, 0.375, 0.375]
		},
		"firstperson_righthand": {
			"rotation": [0, 45, 0],
			"translation": [0, 5.5, 0],
			"scale": [0.4, 0.4, 0.4]
		},
		"firstperson_lefthand": {
			"rotation": [0, 45, 0],
			"translation": [0, 5.5, 0],
			"scale": [0.4, 0.4, 0.4]
		},
		"ground": {
			"translation": [0, 3, 0],
			"scale": [0.25, 0.25, 0.25]
		},
		"gui": {
			"rotation": [30, 45, 0],
			"translation": [0, 5.25, 0],
			"scale": [0.6, 0.6, 0.6]
		},
		"head": {
			"translation": [0, 13, 0]
		},
		"fixed": {
			"translation": [0, 4, 0],
			"scale": [0.5, 0.5, 0.5]
		}
	},
	"groups": [
		0,
		{
			"name": "north",
			"origin": [0, 0, 0],
			"color": 0,
			"children": [1]
		},
		{
			"name": "south",
			"origin": [0, 0, 0],
			"color": 0,
			"children": [2]
		},
		{
			"name": "east",
			"origin": [0, 0, 0],
			"color": 0,
			"children": [3]
		},
		{
			"name": "west",
			"origin": [0, 0, 0],
			"color": 0,
			"children": [4]
		}
	]
}