{
  "variants": {
    "facing=down,mode=input": {
      "model": "draconicevolution:block/energy_pylon_input",
      "x": 180
    },
    "facing=down,mode=output": {
      "model": "draconicevolution:block/energy_pylon_output",
      "x": 180
    },
    "facing=east,mode=input": {
      "model": "draconicevolution:block/energy_pylon_input",
      "x": 90,
      "y": 450
    },
    "facing=east,mode=output": {
      "model": "draconicevolution:block/energy_pylon_output",
      "x": 90,
      "y": 450
    },
    "facing=north,mode=input": {
      "model": "draconicevolution:block/energy_pylon_input",
      "x": 90,
      "y": 360
    },
    "facing=north,mode=output": {
      "model": "draconicevolution:block/energy_pylon_output",
      "x": 90,
      "y": 360
    },
    "facing=south,mode=input": {
      "model": "draconicevolution:block/energy_pylon_input",
      "x": 90,
      "y": 180
    },
    "facing=south,mode=output": {
      "model": "draconicevolution:block/energy_pylon_output",
      "x": 90,
      "y": 180
    },
    "facing=up,mode=input": {
      "model": "draconicevolution:block/energy_pylon_input"
    },
    "facing=up,mode=output": {
      "model": "draconicevolution:block/energy_pylon_output"
    },
    "facing=west,mode=input": {
      "model": "draconicevolution:block/energy_pylon_input",
      "x": 90,
      "y": 270
    },
    "facing=west,mode=output": {
      "model": "draconicevolution:block/energy_pylon_output",
      "x": 90,
      "y": 270
    }
  }
}