{
  "variants": {
    "facing=down": {
      "model": "draconicevolution:block/fluid_gate",
      "x": 90
    },
    "facing=east": {
      "model": "draconicevolution:block/fluid_gate",
      "y": 90
    },
    "facing=north": {
      "model": "draconicevolution:block/fluid_gate"
    },
    "facing=south": {
      "model": "draconicevolution:block/fluid_gate",
      "y": 180
    },
    "facing=up": {
      "model": "draconicevolution:block/fluid_gate",
      "x": -90
    },
    "facing=west": {
      "model": "draconicevolution:block/fluid_gate",
      "y": 270
    }
  }
}