{
  "multipart": [
    {
      "apply": {
        "model": "draconicevolution:block/generator/generator"
      },
      "when": {
        "facing": "north"
      }
    },
    {
      "apply": {
        "model": "draconicevolution:block/generator/generator_flame"
      },
      "when": {
        "active": "true",
        "facing": "north"
      }
    },
    {
      "apply": {
        "model": "draconicevolution:block/generator/generator",
        "y": 180
      },
      "when": {
        "facing": "south"
      }
    },
    {
      "apply": {
        "model": "draconicevolution:block/generator/generator_flame",
        "y": 180
      },
      "when": {
        "active": "true",
        "facing": "south"
      }
    },
    {
      "apply": {
        "model": "draconicevolution:block/generator/generator",
        "y": 270
      },
      "when": {
        "facing": "west"
      }
    },
    {
      "apply": {
        "model": "draconicevolution:block/generator/generator_flame",
        "y": 270
      },
      "when": {
        "active": "true",
        "facing": "west"
      }
    },
    {
      "apply": {
        "model": "draconicevolution:block/generator/generator",
        "y": 90
      },
      "when": {
        "facing": "east"
      }
    },
    {
      "apply": {
        "model": "draconicevolution:block/generator/generator_flame",
        "y": 90
      },
      "when": {
        "active": "true",
        "facing": "east"
      }
    }
  ]
}