{
  "variants": {
    "facing=down": {
      "model": "draconicevolution:block/crafting/crafting_injector_wyvern",
      "x": 180
    },
    "facing=east": {
      "model": "draconicevolution:block/crafting/crafting_injector_wyvern",
      "x": 90,
      "y": 90
    },
    "facing=north": {
      "model": "draconicevolution:block/crafting/crafting_injector_wyvern",
      "x": 90
    },
    "facing=south": {
      "model": "draconicevolution:block/crafting/crafting_injector_wyvern",
      "x": 90,
      "y": 180
    },
    "facing=up": {
      "model": "draconicevolution:block/crafting/crafting_injector_wyvern"
    },
    "facing=west": {
      "model": "draconicevolution:block/crafting/crafting_injector_wyvern",
      "x": 90,
      "y": 270
    }
  }
}