{
    "parent": "block/block",
    "textures": {
        "particle": "draconicevolution:block/celestial_manipulator",
        "0": "draconicevolution:block/celestial_manipulator"
    },
    "elements": [
        {
            "name": "nMid",
            "from": [ 7.0, 5.0, 1.0 ], 
            "to": [ 9.0, 11.0, 2.0 ], 
            "faces": {
                "north": { "texture": "#0", "uv": [ 0.0, 0.0, 2.0, 6.0 ] },
                "east": { "texture": "#0", "uv": [ 4.0, 1.0, 5.0, 7.0 ] },
                "south": { "texture": "#0", "uv": [ 4.0, 1.0, 6.0, 7.0 ] },
                "west": { "texture": "#0", "uv": [ 4.0, 0.0, 5.0, 6.0 ] },
                "up": { "texture": "#0", "uv": [ 3.0, 3.0, 5.0, 4.0 ] },
                "down": { "texture": "#0", "uv": [ 2.0, 3.0, 4.0, 4.0 ] }
            }
        },
        {
            "name": "nU1",
            "from": [ 7.100000001490116, 11.0, 1.0 ], 
            "to": [ 8.899999998509884, 14.0, 2.0 ], 
            "rotation": { "origin": [ 8.0, 11.0, 1.0 ], "axis": "x", "angle": 45.0 },
            "faces": {
                "north": { "texture": "#0", "uv": [ 2.0, 4.0, 3.7999999970197678, 7.0 ] },
                "east": { "texture": "#0", "uv": [ 4.0, 2.0, 5.0, 5.0 ] },
                "south": { "texture": "#0", "uv": [ 4.0, 4.0, 5.799999997019768, 7.0 ] },
                "west": { "texture": "#0", "uv": [ 3.0, 4.0, 4.0, 7.0 ] },
                "up": { "texture": "#0", "uv": [ 2.0, 4.0, 3.7999999970197678, 5.0 ] },
                "down": { "texture": "#0", "uv": [ 5.0, 2.0, 6.799999997019768, 3.0 ] }
            }
        },
        {
            "name": "nD1",
            "from": [ 7.100000001490116, 2.0, 1.0 ], 
            "to": [ 8.899999998509884, 5.0, 2.0 ], 
            "rotation": { "origin": [ 8.0, 5.0, 1.0 ], "axis": "x", "angle": -45.0 },
            "faces": {
                "north": { "texture": "#0", "uv": [ 0.0, 0.0, 1.7999999970197678, 3.0 ] },
                "east": { "texture": "#0", "uv": [ 5.0, 4.0, 6.0, 7.0 ] },
                "south": { "texture": "#0", "uv": [ 3.0, 2.0, 4.799999997019768, 5.0 ] },
                "west": { "texture": "#0", "uv": [ 5.0, 4.0, 6.0, 7.0 ] },
                "up": { "texture": "#0", "uv": [ 1.0, 5.0, 2.7999999970197678, 6.0 ] },
                "down": { "texture": "#0", "uv": [ 2.0, 3.0, 3.7999999970197678, 4.0 ] }
            }
        },
        {
            "name": "nU2",
            "from": [ 7.200000002980232, 12.100000001490116, 3.100000001490116 ], 
            "to": [ 8.799999997019768, 13.100000001490116, 5.100000001490116 ], 
            "faces": {
                "north": { "texture": "#0", "uv": [ 1.0, 2.0, 2.5999999940395355, 3.0 ] },
                "east": { "texture": "#0", "uv": [ 4.0, 4.0, 6.0, 5.0 ] },
                "south": { "texture": "#0", "uv": [ 3.0, 5.0, 4.5999999940395355, 6.0 ] },
                "west": { "texture": "#0", "uv": [ 2.0, 4.0, 4.0, 5.0 ] },
                "up": { "texture": "#0", "uv": [ 6.0, 4.0, 7.5999999940395355, 6.0 ] },
                "down": { "texture": "#0", "uv": [ 3.0, 4.0, 4.5999999940395355, 6.0 ] }
            }
        },
        {
            "name": "nD2",
            "from": [ 7.200000002980232, 2.899999998509884, 3.100000001490116 ], 
            "to": [ 8.799999997019768, 3.899999998509884, 5.100000001490116 ], 
            "faces": {
                "north": { "texture": "#0", "uv": [ 0.0, 0.0, 1.5999999940395355, 1.0 ] },
                "east": { "texture": "#0", "uv": [ 4.0, 4.0, 6.0, 5.0 ] },
                "south": { "texture": "#0", "uv": [ 2.0, 4.0, 3.5999999940395355, 5.0 ] },
                "west": { "texture": "#0", "uv": [ 3.0, 3.0, 5.0, 4.0 ] },
                "up": { "texture": "#0", "uv": [ 3.0, 5.0, 4.5999999940395355, 7.0 ] },
                "down": { "texture": "#0", "uv": [ 3.0, 3.0, 4.5999999940395355, 5.0 ] }
            }
        },
        {
            "name": "nU3",
            "from": [ 7.300000004470348, 12.100000001490116, 5.100000001490116 ], 
            "to": [ 8.699999995529652, 13.100000001490116, 6.4000000059604645 ], 
            "rotation": { "origin": [ 8.0, 13.100000001490116, 5.100000001490116 ], "axis": "x", "angle": 45.0 },
            "faces": {
                "north": { "texture": "#0", "uv": [ 0.0, 0.0, 1.3999999910593033, 1.0 ] },
                "east": { "texture": "#0", "uv": [ 4.0, 5.0, 5.300000004470348, 6.0 ] },
                "south": { "texture": "#0", "uv": [ 1.0, 4.0, 2.3999999910593033, 5.0 ] },
                "west": { "texture": "#0", "uv": [ 2.0, 4.0, 3.3000000044703484, 5.0 ] },
                "up": { "texture": "#0", "uv": [ 5.0, 0.0, 6.399999991059303, 1.3000000044703484 ] },
                "down": { "texture": "#0", "uv": [ 4.0, 6.0, 5.399999991059303, 7.300000004470348 ] }
            }
        },
        {
            "name": "nD3",
            "from": [ 7.300000004470348, 2.900000013411045, 5.100000001490116 ], 
            "to": [ 8.699999995529652, 3.900000013411045, 6.4000000059604645 ], 
            "rotation": { "origin": [ 8.0, 2.899999998509884, 5.100000001490116 ], "axis": "x", "angle": -45.0 },
            "faces": {
                "north": { "texture": "#0", "uv": [ 0.0, 0.0, 1.3999999910593033, 1.0 ] },
                "east": { "texture": "#0", "uv": [ 3.0, 6.0, 4.300000004470348, 7.0 ] },
                "south": { "texture": "#0", "uv": [ 3.0, 5.0, 4.399999991059303, 6.0 ] },
                "west": { "texture": "#0", "uv": [ 2.0, 4.0, 3.3000000044703484, 5.0 ] },
                "up": { "texture": "#0", "uv": [ 5.0, 2.0, 6.399999991059303, 3.3000000044703484 ] },
                "down": { "texture": "#0", "uv": [ 2.0, 5.0, 3.3999999910593033, 6.300000004470348 ] }
            }
        },
        {
            "name": "sMid",
            "from": [ 7.0, 5.0, 14.0 ], 
            "to": [ 9.0, 11.0, 15.0 ], 
            "faces": {
                "north": { "texture": "#0", "uv": [ 0.0, 0.0, 2.0, 6.0 ] },
                "east": { "texture": "#0", "uv": [ 5.0, 2.0, 6.0, 8.0 ] },
                "south": { "texture": "#0", "uv": [ 3.0, 1.0, 5.0, 7.0 ] },
                "west": { "texture": "#0", "uv": [ 2.0, 1.0, 3.0, 7.0 ] },
                "up": { "texture": "#0", "uv": [ 5.0, 3.0, 7.0, 4.0 ] },
                "down": { "texture": "#0", "uv": [ 2.0, 4.0, 4.0, 5.0 ] }
            }
        },
        {
            "name": "sU1",
            "from": [ 7.100000001490116, 11.0, 14.0 ], 
            "to": [ 8.899999998509884, 14.0, 15.0 ], 
            "rotation": { "origin": [ 8.0, 11.0, 15.0 ], "axis": "x", "angle": -45.0 },
            "faces": {
                "north": { "texture": "#0", "uv": [ 0.0, 0.0, 1.7999999970197678, 3.0 ] },
                "east": { "texture": "#0", "uv": [ 3.0, 1.0, 4.0, 4.0 ] },
                "south": { "texture": "#0", "uv": [ 4.0, 4.0, 5.799999997019768, 7.0 ] },
                "west": { "texture": "#0", "uv": [ 2.0, 4.0, 3.0, 7.0 ] },
                "up": { "texture": "#0", "uv": [ 2.0, 3.0, 3.7999999970197678, 4.0 ] },
                "down": { "texture": "#0", "uv": [ 4.0, 4.0, 5.799999997019768, 5.0 ] }
            }
        },
        {
            "name": "sD1",
            "from": [ 7.100000001490116, 2.0, 14.0 ], 
            "to": [ 8.899999998509884, 5.0, 15.0 ], 
            "rotation": { "origin": [ 8.0, 5.0, 15.0 ], "axis": "x", "angle": 45.0 },
            "faces": {
                "north": { "texture": "#0", "uv": [ 0.0, 0.0, 1.7999999970197678, 3.0 ] },
                "east": { "texture": "#0", "uv": [ 5.0, 4.0, 6.0, 7.0 ] },
                "south": { "texture": "#0", "uv": [ 2.0, 4.0, 3.7999999970197678, 7.0 ] },
                "west": { "texture": "#0", "uv": [ 6.0, 1.0, 7.0, 4.0 ] },
                "up": { "texture": "#0", "uv": [ 3.0, 4.0, 4.799999997019768, 5.0 ] },
                "down": { "texture": "#0", "uv": [ 1.0, 5.0, 2.7999999970197678, 6.0 ] }
            }
        },
        {
            "name": "sU2",
            "from": [ 7.200000002980232, 12.100000001490116, 10.899999998509884 ], 
            "to": [ 8.799999997019768, 13.100000001490116, 12.899999998509884 ], 
            "faces": {
                "north": { "texture": "#0", "uv": [ 0.0, 0.0, 1.5999999940395355, 1.0 ] },
                "east": { "texture": "#0", "uv": [ 3.0, 2.0, 5.0, 3.0 ] },
                "south": { "texture": "#0", "uv": [ 2.0, 4.0, 3.5999999940395355, 5.0 ] },
                "west": { "texture": "#0", "uv": [ 5.0, 2.0, 7.0, 3.0 ] },
                "up": { "texture": "#0", "uv": [ 4.0, 5.0, 5.5999999940395355, 7.0 ] },
                "down": { "texture": "#0", "uv": [ 1.0, 4.0, 2.5999999940395355, 6.0 ] }
            }
        },
        {
            "name": "sD2",
            "from": [ 7.200000002980232, 2.899999998509884, 10.899999998509884 ], 
            "to": [ 8.799999997019768, 3.899999998509884, 12.899999998509884 ], 
            "faces": {
                "north": { "texture": "#0", "uv": [ 0.0, 0.0, 1.5999999940395355, 1.0 ] },
                "east": { "texture": "#0", "uv": [ 6.0, 1.0, 8.0, 2.0 ] },
                "south": { "texture": "#0", "uv": [ 4.0, 3.0, 5.5999999940395355, 4.0 ] },
                "west": { "texture": "#0", "uv": [ 2.0, 6.0, 4.0, 7.0 ] },
                "up": { "texture": "#0", "uv": [ 5.0, 3.0, 6.5999999940395355, 5.0 ] },
                "down": { "texture": "#0", "uv": [ 3.0, 3.0, 4.5999999940395355, 5.0 ] }
            }
        },
        {
            "name": "sU3",
            "from": [ 7.300000004470348, 12.100000001490116, 9.600000008940697 ], 
            "to": [ 8.699999995529652, 13.100000001490116, 10.900000013411045 ], 
            "rotation": { "origin": [ 8.0, 13.100000001490116, 10.899999998509884 ], "axis": "x", "angle": -45.0 },
            "faces": {
                "north": { "texture": "#0", "uv": [ 0.0, 0.0, 1.3999999910593033, 1.0 ] },
                "east": { "texture": "#0", "uv": [ 3.0, 3.0, 4.300000004470348, 4.0 ] },
                "south": { "texture": "#0", "uv": [ 3.0, 5.0, 4.399999991059303, 6.0 ] },
                "west": { "texture": "#0", "uv": [ 1.0, 3.0, 2.3000000044703484, 4.0 ] },
                "up": { "texture": "#0", "uv": [ 6.0, 1.0, 7.399999991059303, 2.3000000044703484 ] },
                "down": { "texture": "#0", "uv": [ 2.0, 5.0, 3.3999999910593033, 6.300000004470348 ] }
            }
        },
        {
            "name": "sD3",
            "from": [ 7.300000004470348, 2.900000013411045, 9.599999994039536 ], 
            "to": [ 8.699999995529652, 3.900000013411045, 10.899999998509884 ], 
            "rotation": { "origin": [ 8.0, 2.899999998509884, 10.899999998509884 ], "axis": "x", "angle": 45.0 },
            "faces": {
                "north": { "texture": "#0", "uv": [ 0.0, 0.0, 1.3999999910593033, 1.0 ] },
                "east": { "texture": "#0", "uv": [ 4.0, 4.0, 5.300000004470348, 5.0 ] },
                "south": { "texture": "#0", "uv": [ 5.0, 3.0, 6.399999991059303, 4.0 ] },
                "west": { "texture": "#0", "uv": [ 3.0, 6.0, 4.300000004470348, 7.0 ] },
                "up": { "texture": "#0", "uv": [ 6.0, 2.0, 7.399999991059303, 3.3000000044703484 ] },
                "down": { "texture": "#0", "uv": [ 2.0, 4.0, 3.3999999910593033, 5.300000004470348 ] }
            }
        },
        {
            "name": "eMid",
            "from": [ 1.0, 5.0, 7.0 ], 
            "to": [ 2.0, 11.0, 9.0 ], 
            "faces": {
                "north": { "texture": "#0", "uv": [ 0.0, 0.0, 1.0, 6.0 ] },
                "east": { "texture": "#0", "uv": [ 5.0, 2.0, 7.0, 8.0 ] },
                "south": { "texture": "#0", "uv": [ 3.0, 0.0, 4.0, 6.0 ] },
                "west": { "texture": "#0", "uv": [ 5.0, 1.0, 7.0, 7.0 ] },
                "up": { "texture": "#0", "uv": [ 4.0, 4.0, 5.0, 6.0 ] },
                "down": { "texture": "#0", "uv": [ 1.0, 4.0, 2.0, 6.0 ] }
            }
        },
        {
            "name": "eU1",
            "from": [ 1.0, 11.0, 7.100000001490116 ], 
            "to": [ 2.0, 14.0, 8.899999998509884 ], 
            "rotation": { "origin": [ 1.0, 11.0, 8.0 ], "axis": "z", "angle": -45.0 },
            "faces": {
                "north": { "texture": "#0", "uv": [ 0.0, 0.0, 1.0, 3.0 ] },
                "east": { "texture": "#0", "uv": [ 3.0, 2.0, 4.799999997019768, 5.0 ] },
                "south": { "texture": "#0", "uv": [ 3.0, 3.0, 4.0, 6.0 ] },
                "west": { "texture": "#0", "uv": [ 3.0, 4.0, 4.799999997019768, 7.0 ] },
                "up": { "texture": "#0", "uv": [ 2.0, 5.0, 3.0, 6.799999997019768 ] },
                "down": { "texture": "#0", "uv": [ 5.0, 2.0, 6.0, 3.7999999970197678 ] }
            }
        },
        {
            "name": "eD1",
            "from": [ 1.0, 2.0, 7.100000001490116 ], 
            "to": [ 2.0, 5.0, 8.899999998509884 ], 
            "rotation": { "origin": [ 1.0, 5.0, 8.0 ], "axis": "z", "angle": 45.0 },
            "faces": {
                "north": { "texture": "#0", "uv": [ 0.0, 0.0, 1.0, 3.0 ] },
                "east": { "texture": "#0", "uv": [ 5.0, 1.0, 6.799999997019768, 4.0 ] },
                "south": { "texture": "#0", "uv": [ 3.0, 3.0, 4.0, 6.0 ] },
                "west": { "texture": "#0", "uv": [ 4.0, 3.0, 5.799999997019768, 6.0 ] },
                "up": { "texture": "#0", "uv": [ 5.0, 4.0, 6.0, 5.799999997019768 ] },
                "down": { "texture": "#0", "uv": [ 1.0, 4.0, 2.0, 5.799999997019768 ] }
            }
        },
        {
            "name": "eU2",
            "from": [ 3.100000001490116, 12.100000001490116, 7.200000002980232 ], 
            "to": [ 5.100000001490116, 13.100000001490116, 8.799999997019768 ], 
            "faces": {
                "north": { "texture": "#0", "uv": [ 0.0, 0.0, 2.0, 1.0 ] },
                "east": { "texture": "#0", "uv": [ 4.0, 3.0, 5.5999999940395355, 4.0 ] },
                "south": { "texture": "#0", "uv": [ 2.0, 4.0, 4.0, 5.0 ] },
                "west": { "texture": "#0", "uv": [ 6.0, 1.0, 7.5999999940395355, 2.0 ] },
                "up": { "texture": "#0", "uv": [ 1.0, 3.0, 3.0, 4.5999999940395355 ] },
                "down": { "texture": "#0", "uv": [ 4.0, 5.0, 6.0, 6.5999999940395355 ] }
            }
        },
        {
            "name": "eD2",
            "from": [ 3.100000001490116, 2.899999998509884, 7.200000002980232 ], 
            "to": [ 5.100000001490116, 3.899999998509884, 8.799999997019768 ], 
            "faces": {
                "north": { "texture": "#0", "uv": [ 0.0, 0.0, 2.0, 1.0 ] },
                "east": { "texture": "#0", "uv": [ 2.0, 3.0, 3.5999999940395355, 4.0 ] },
                "south": { "texture": "#0", "uv": [ 2.0, 5.0, 4.0, 6.0 ] },
                "west": { "texture": "#0", "uv": [ 5.0, 1.0, 6.5999999940395355, 2.0 ] },
                "up": { "texture": "#0", "uv": [ 0.0, 5.0, 2.0, 6.5999999940395355 ] },
                "down": { "texture": "#0", "uv": [ 3.0, 6.0, 5.0, 7.5999999940395355 ] }
            }
        },
        {
            "name": "eU3",
            "from": [ 5.100000001490116, 12.100000001490116, 7.300000004470348 ], 
            "to": [ 6.399999991059303, 13.100000001490116, 8.700000010430813 ], 
            "rotation": { "origin": [ 5.100000001490116, 13.100000001490116, 7.899999998509884 ], "axis": "z", "angle": -45.0 },
            "faces": {
                "north": { "texture": "#0", "uv": [ 0.0, 0.0, 1.2999999895691872, 1.0 ] },
                "east": { "texture": "#0", "uv": [ 3.0, 5.0, 4.4000000059604645, 6.0 ] },
                "south": { "texture": "#0", "uv": [ 5.0, 1.0, 6.299999989569187, 2.0 ] },
                "west": { "texture": "#0", "uv": [ 1.0, 5.0, 2.4000000059604645, 6.0 ] },
                "up": { "texture": "#0", "uv": [ 6.0, 5.0, 7.299999989569187, 6.4000000059604645 ] },
                "down": { "texture": "#0", "uv": [ 1.0, 5.0, 2.299999989569187, 6.4000000059604645 ] }
            }
        },
        {
            "name": "eD3",
            "from": [ 5.100000001490116, 2.900000013411045, 7.300000004470348 ], 
            "to": [ 6.399999991059303, 3.900000013411045, 8.700000010430813 ], 
            "rotation": { "origin": [ 5.100000001490116, 2.899999998509884, 7.899999998509884 ], "axis": "z", "angle": 45.0 },
            "faces": {
                "north": { "texture": "#0", "uv": [ 0.0, 0.0, 1.2999999895691872, 1.0 ] },
                "east": { "texture": "#0", "uv": [ 1.0, 3.0, 2.4000000059604645, 4.0 ] },
                "south": { "texture": "#0", "uv": [ 6.0, 2.0, 7.299999989569187, 3.0 ] },
                "west": { "texture": "#0", "uv": [ 1.0, 2.0, 2.4000000059604645, 3.0 ] },
                "up": { "texture": "#0", "uv": [ 5.0, 3.0, 6.299999989569187, 4.4000000059604645 ] },
                "down": { "texture": "#0", "uv": [ 2.0, 3.0, 3.299999989569187, 4.4000000059604645 ] }
            }
        },
        {
            "name": "wMid",
            "from": [ 14.0, 5.0, 7.0 ], 
            "to": [ 15.0, 11.0, 9.0 ], 
            "faces": {
                "north": { "texture": "#0", "uv": [ 0.0, 0.0, 1.0, 6.0 ] },
                "east": { "texture": "#0", "uv": [ 5.0, 1.0, 7.0, 7.0 ] },
                "south": { "texture": "#0", "uv": [ 3.0, 1.0, 4.0, 7.0 ] },
                "west": { "texture": "#0", "uv": [ 4.0, 2.0, 6.0, 8.0 ] },
                "up": { "texture": "#0", "uv": [ 3.0, 2.0, 4.0, 4.0 ] },
                "down": { "texture": "#0", "uv": [ 3.0, 4.0, 4.0, 6.0 ] }
            }
        },
        {
            "name": "wU1",
            "from": [ 14.0, 11.0, 7.100000001490116 ], 
            "to": [ 15.0, 14.0, 8.899999998509884 ], 
            "rotation": { "origin": [ 15.0, 11.0, 8.0 ], "axis": "z", "angle": 45.0 },
            "faces": {
                "north": { "texture": "#0", "uv": [ 0.0, 0.0, 1.0, 3.0 ] },
                "east": { "texture": "#0", "uv": [ 4.0, 3.0, 5.799999997019768, 6.0 ] },
                "south": { "texture": "#0", "uv": [ 2.0, 2.0, 3.0, 5.0 ] },
                "west": { "texture": "#0", "uv": [ 3.0, 4.0, 4.799999997019768, 7.0 ] },
                "up": { "texture": "#0", "uv": [ 4.0, 4.0, 5.0, 5.799999997019768 ] },
                "down": { "texture": "#0", "uv": [ 3.0, 3.0, 4.0, 4.799999997019768 ] }
            }
        },
        {
            "name": "wD1",
            "from": [ 14.0, 2.0, 7.100000001490116 ], 
            "to": [ 15.0, 5.0, 8.899999998509884 ], 
            "rotation": { "origin": [ 15.0, 5.0, 8.0 ], "axis": "z", "angle": -45.0 },
            "faces": {
                "north": { "texture": "#0", "uv": [ 0.0, 0.0, 1.0, 3.0 ] },
                "east": { "texture": "#0", "uv": [ 3.0, 3.0, 4.799999997019768, 6.0 ] },
                "south": { "texture": "#0", "uv": [ 4.0, 5.0, 5.0, 8.0 ] },
                "west": { "texture": "#0", "uv": [ 5.0, 1.0, 6.799999997019768, 4.0 ] },
                "up": { "texture": "#0", "uv": [ 3.0, 6.0, 4.0, 7.799999997019768 ] },
                "down": { "texture": "#0", "uv": [ 3.0, 4.0, 4.0, 5.799999997019768 ] }
            }
        },
        {
            "name": "wU2",
            "from": [ 10.899999998509884, 12.100000001490116, 7.200000002980232 ], 
            "to": [ 12.899999998509884, 13.100000001490116, 8.799999997019768 ], 
            "faces": {
                "north": { "texture": "#0", "uv": [ 0.0, 0.0, 2.0, 1.0 ] },
                "east": { "texture": "#0", "uv": [ 2.0, 3.0, 3.5999999940395355, 4.0 ] },
                "south": { "texture": "#0", "uv": [ 4.0, 2.0, 6.0, 3.0 ] },
                "west": { "texture": "#0", "uv": [ 4.0, 5.0, 5.5999999940395355, 6.0 ] },
                "up": { "texture": "#0", "uv": [ 3.0, 4.0, 5.0, 5.5999999940395355 ] },
                "down": { "texture": "#0", "uv": [ 6.0, 6.0, 8.0, 7.5999999940395355 ] }
            }
        },
        {
            "name": "wD2",
            "from": [ 10.899999998509884, 2.899999998509884, 7.200000002980232 ], 
            "to": [ 12.899999998509884, 3.899999998509884, 8.799999997019768 ], 
            "faces": {
                "north": { "texture": "#0", "uv": [ 0.0, 0.0, 2.0, 1.0 ] },
                "east": { "texture": "#0", "uv": [ 2.0, 2.0, 3.5999999940395355, 3.0 ] },
                "south": { "texture": "#0", "uv": [ 2.0, 2.0, 4.0, 3.0 ] },
                "west": { "texture": "#0", "uv": [ 2.0, 5.0, 3.5999999940395355, 6.0 ] },
                "up": { "texture": "#0", "uv": [ 4.0, 2.0, 6.0, 3.5999999940395355 ] },
                "down": { "texture": "#0", "uv": [ 2.0, 4.0, 4.0, 5.5999999940395355 ] }
            }
        },
        {
            "name": "wU3",
            "from": [ 9.599999994039536, 12.100000001490116, 7.300000004470348 ], 
            "to": [ 10.899999983608723, 13.100000001490116, 8.700000010430813 ], 
            "rotation": { "origin": [ 10.899999998509884, 13.100000001490116, 7.899999998509884 ], "axis": "z", "angle": 45.0 },
            "faces": {
                "north": { "texture": "#0", "uv": [ 0.0, 0.0, 1.2999999895691872, 1.0 ] },
                "east": { "texture": "#0", "uv": [ 4.0, 1.0, 5.4000000059604645, 2.0 ] },
                "south": { "texture": "#0", "uv": [ 4.0, 5.0, 5.299999989569187, 6.0 ] },
                "west": { "texture": "#0", "uv": [ 4.0, 4.0, 5.4000000059604645, 5.0 ] },
                "up": { "texture": "#0", "uv": [ 3.0, 4.0, 4.299999989569187, 5.4000000059604645 ] },
                "down": { "texture": "#0", "uv": [ 2.0, 5.0, 3.299999989569187, 6.4000000059604645 ] }
            }
        },
        {
            "name": "wD3",
            "from": [ 9.599999994039536, 2.900000013411045, 7.300000004470348 ], 
            "to": [ 10.899999983608723, 3.900000013411045, 8.700000010430813 ], 
            "rotation": { "origin": [ 10.899999998509884, 2.899999998509884, 7.899999998509884 ], "axis": "z", "angle": -45.0 },
            "faces": {
                "north": { "texture": "#0", "uv": [ 0.0, 0.0, 1.2999999895691872, 1.0 ] },
                "east": { "texture": "#0", "uv": [ 5.0, 4.0, 6.4000000059604645, 5.0 ] },
                "south": { "texture": "#0", "uv": [ 4.0, 6.0, 5.299999989569187, 7.0 ] },
                "west": { "texture": "#0", "uv": [ 4.0, 1.0, 5.4000000059604645, 2.0 ] },
                "up": { "texture": "#0", "uv": [ 1.0, 6.0, 2.299999989569187, 7.4000000059604645 ] },
                "down": { "texture": "#0", "uv": [ 6.0, 7.0, 7.299999989569187, 8.400000005960464 ] }
            }
        },
        {
            "name": "nStub",
            "from": [ 7.300000004470348, 7.300000004470348, 2.0 ], 
            "to": [ 8.700000010430813, 8.700000010430813, 2.3999999910593033 ], 
            "faces": {
                "north": { "texture": "#0", "uv": [ 11.0, 1.0, 12.400000005960464, 2.4000000059604645 ] },
                "east": { "texture": "#0", "uv": [ 12.0, 1.0, 12.399999991059303, 2.4000000059604645 ] },
                "south": { "texture": "#0", "uv": [ 11.0, 1.0, 12.400000005960464, 2.4000000059604645 ] },
                "west": { "texture": "#0", "uv": [ 12.0, 2.0, 12.399999991059303, 3.4000000059604645 ] },
                "up": { "texture": "#0", "uv": [ 12.0, 2.0, 13.400000005960464, 2.3999999910593033 ] },
                "down": { "texture": "#0", "uv": [ 11.0, 1.0, 12.400000005960464, 1.3999999910593033 ] }
            }
        },
        {
            "name": "nStub2",
            "from": [ 7.600000008940697, 7.600000008940697, 2.4000000059604645 ], 
            "to": [ 8.400000005960464, 8.400000005960464, 3.0 ], 
            "faces": {
                "north": { "texture": "#0", "uv": [ 3.0, 9.0, 3.7999999970197678, 9.799999997019768 ] },
                "east": { "texture": "#0", "uv": [ 5.0, 9.0, 5.5999999940395355, 9.799999997019768 ] },
                "south": { "texture": "#0", "uv": [ 3.0, 11.0, 3.7999999970197678, 11.799999997019768 ] },
                "west": { "texture": "#0", "uv": [ 3.0, 13.0, 3.5999999940395355, 13.799999997019768 ] },
                "up": { "texture": "#0", "uv": [ 4.0, 13.0, 4.799999997019768, 13.599999994039536 ] },
                "down": { "texture": "#0", "uv": [ 3.0, 12.0, 3.7999999970197678, 12.599999994039536 ] }
            }
        },
        {
            "name": "sStub",
            "from": [ 7.300000004470348, 7.300000004470348, 13.599999994039536 ], 
            "to": [ 8.700000010430813, 8.700000010430813, 13.999999985098839 ], 
            "faces": {
                "north": { "texture": "#0", "uv": [ 10.0, 2.0, 11.400000005960464, 3.4000000059604645 ] },
                "east": { "texture": "#0", "uv": [ 10.0, 1.0, 10.399999991059303, 2.4000000059604645 ] },
                "south": { "texture": "#0", "uv": [ 11.0, 1.0, 12.400000005960464, 2.4000000059604645 ] },
                "west": { "texture": "#0", "uv": [ 10.0, 1.0, 10.399999991059303, 2.4000000059604645 ] },
                "up": { "texture": "#0", "uv": [ 10.0, 2.0, 11.400000005960464, 2.3999999910593033 ] },
                "down": { "texture": "#0", "uv": [ 12.0, 2.0, 13.400000005960464, 2.3999999910593033 ] }
            }
        },
        {
            "name": "sStub2",
            "from": [ 7.600000008940697, 7.600000008940697, 13.0 ], 
            "to": [ 8.400000005960464, 8.400000005960464, 13.599999994039536 ], 
            "faces": {
                "north": { "texture": "#0", "uv": [ 3.0, 11.0, 3.7999999970197678, 11.799999997019768 ] },
                "east": { "texture": "#0", "uv": [ 6.0, 9.0, 6.5999999940395355, 9.799999997019768 ] },
                "south": { "texture": "#0", "uv": [ 4.0, 13.0, 4.799999997019768, 13.799999997019768 ] },
                "west": { "texture": "#0", "uv": [ 3.0, 13.0, 3.5999999940395355, 13.799999997019768 ] },
                "up": { "texture": "#0", "uv": [ 3.0, 14.0, 3.7999999970197678, 14.599999994039536 ] },
                "down": { "texture": "#0", "uv": [ 4.0, 9.0, 4.799999997019768, 9.599999994039536 ] }
            }
        },
        {
            "name": "eStub",
            "from": [ 13.600000008940697, 7.300000004470348, 7.299999989569187 ], 
            "to": [ 14.0, 8.700000010430813, 8.69999998062849 ], 
            "faces": {
                "north": { "texture": "#0", "uv": [ 11.0, 1.0, 11.399999991059303, 2.4000000059604645 ] },
                "east": { "texture": "#0", "uv": [ 12.0, 2.0, 13.399999991059303, 3.4000000059604645 ] },
                "south": { "texture": "#0", "uv": [ 13.0, 1.0, 13.399999991059303, 2.4000000059604645 ] },
                "west": { "texture": "#0", "uv": [ 10.0, 2.0, 11.399999991059303, 3.4000000059604645 ] },
                "up": { "texture": "#0", "uv": [ 13.0, 1.0, 13.399999991059303, 2.3999999910593033 ] },
                "down": { "texture": "#0", "uv": [ 9.0, 2.0, 9.399999991059303, 3.3999999910593033 ] }
            }
        },
        {
            "name": "eStub2",
            "from": [ 13.000000014901161, 7.600000008940697, 7.5999999940395355 ], 
            "to": [ 13.600000008940697, 8.400000005960464, 8.399999991059303 ], 
            "faces": {
                "north": { "texture": "#0", "uv": [ 3.0, 9.0, 3.5999999940395355, 9.799999997019768 ] },
                "east": { "texture": "#0", "uv": [ 2.0, 10.0, 2.7999999970197678, 10.799999997019768 ] },
                "south": { "texture": "#0", "uv": [ 5.0, 11.0, 5.5999999940395355, 11.799999997019768 ] },
                "west": { "texture": "#0", "uv": [ 4.0, 12.0, 4.799999997019768, 12.799999997019768 ] },
                "up": { "texture": "#0", "uv": [ 3.0, 13.0, 3.5999999940395355, 13.799999997019768 ] },
                "down": { "texture": "#0", "uv": [ 3.0, 13.0, 3.5999999940395355, 13.799999997019768 ] }
            }
        },
        {
            "name": "wStub",
            "from": [ 2.000000014901161, 7.300000004470348, 7.299999989569187 ], 
            "to": [ 2.4000000059604645, 8.700000010430813, 8.69999998062849 ], 
            "faces": {
                "north": { "texture": "#0", "uv": [ 12.0, 2.0, 12.399999991059303, 3.4000000059604645 ] },
                "east": { "texture": "#0", "uv": [ 12.0, 3.0, 13.399999991059303, 4.4000000059604645 ] },
                "south": { "texture": "#0", "uv": [ 10.0, 1.0, 10.399999991059303, 2.4000000059604645 ] },
                "west": { "texture": "#0", "uv": [ 11.0, 0.0, 12.399999991059303, 1.4000000059604645 ] },
                "up": { "texture": "#0", "uv": [ 10.0, 1.0, 10.399999991059303, 2.3999999910593033 ] },
                "down": { "texture": "#0", "uv": [ 11.0, 2.0, 11.399999991059303, 3.3999999910593033 ] }
            }
        },
        {
            "name": "wStub2",
            "from": [ 2.4000000208616257, 7.600000008940697, 7.5999999940395355 ], 
            "to": [ 3.000000014901161, 8.400000005960464, 8.399999991059303 ], 
            "faces": {
                "north": { "texture": "#0", "uv": [ 5.0, 10.0, 5.5999999940395355, 10.799999997019768 ] },
                "east": { "texture": "#0", "uv": [ 2.0, 10.0, 2.7999999970197678, 10.799999997019768 ] },
                "south": { "texture": "#0", "uv": [ 4.0, 12.0, 4.5999999940395355, 12.799999997019768 ] },
                "west": { "texture": "#0", "uv": [ 5.0, 13.0, 5.799999997019768, 13.799999997019768 ] },
                "up": { "texture": "#0", "uv": [ 4.0, 12.0, 4.5999999940395355, 12.799999997019768 ] },
                "down": { "texture": "#0", "uv": [ 2.0, 12.0, 2.5999999940395355, 12.799999997019768 ] }
            }
        },
        {
            "name": "nSupport",
            "from": [ 2.0, 7.200000002980232, 1.2000000178813934 ], 
            "to": [ 14.0, 8.600000008940697, 1.800000011920929 ], 
            "faces": {
                "north": { "texture": "#0", "uv": [ 0.0, 10.0, 12.0, 11.400000005960464 ] },
                "east": { "texture": "#0", "uv": [ 3.0, 10.0, 3.5999999940395355, 11.400000005960464 ] },
                "south": { "texture": "#0", "uv": [ 0.0, 10.0, 12.0, 11.400000005960464 ] },
                "west": { "texture": "#0", "uv": [ 3.0, 9.0, 3.5999999940395355, 10.400000005960464 ] },
                "up": { "texture": "#0", "uv": [ 0.0, 12.0, 12.0, 12.599999994039536 ] },
                "down": { "texture": "#0", "uv": [ 0.0, 10.0, 12.0, 10.599999994039536 ] }
            }
        },
        {
            "name": "sSupport",
            "from": [ 2.0, 7.200000002980232, 14.199999988079071 ], 
            "to": [ 14.0, 8.600000008940697, 14.799999982118607 ], 
            "faces": {
                "north": { "texture": "#0", "uv": [ 0.0, 10.0, 12.0, 11.400000005960464 ] },
                "east": { "texture": "#0", "uv": [ 5.0, 10.0, 5.5999999940395355, 11.400000005960464 ] },
                "south": { "texture": "#0", "uv": [ 0.0, 12.0, 12.0, 13.400000005960464 ] },
                "west": { "texture": "#0", "uv": [ 6.0, 9.0, 6.5999999940395355, 10.400000005960464 ] },
                "up": { "texture": "#0", "uv": [ 0.0, 10.0, 12.0, 10.599999994039536 ] },
                "down": { "texture": "#0", "uv": [ 1.0, 10.0, 13.0, 10.599999994039536 ] }
            }
        },
        {
            "name": "eSupport",
            "from": [ 14.200000002980232, 7.200000002980232, 2.0 ], 
            "to": [ 14.799999997019768, 8.600000008940697, 13.999999985098839 ], 
            "faces": {
                "north": { "texture": "#0", "uv": [ 5.0, 11.0, 5.5999999940395355, 12.400000005960464 ] },
                "east": { "texture": "#0", "uv": [ 0.0, 9.0, 11.999999985098839, 10.400000005960464 ] },
                "south": { "texture": "#0", "uv": [ 5.0, 11.0, 5.5999999940395355, 12.400000005960464 ] },
                "west": { "texture": "#0", "uv": [ 0.0, 10.0, 11.999999985098839, 9.400000005960464 ] },
                "up": { "texture": "#0", "uv": [ 0.0, 11.0, 11.599999994039536, 9.999999985098839 ], "rotation": 90 },
                "down": { "texture": "#0", "uv": [ 0.0, 11.0, 11.599999994039536, 11.999999985098839 ], "rotation": 90 }
            }
        },
        {
            "name": "wSupport",
            "from": [ 1.2000000327825546, 7.200000002980232, 2.0 ], 
            "to": [ 1.8000000268220901, 8.600000008940697, 13.999999985098839 ], 
            "faces": {
                "north": { "texture": "#0", "uv": [ 4.0, 9.0, 4.5999999940395355, 10.400000005960464 ] },
                "east": { "texture": "#0", "uv": [ 0.0, 11.0, 11.999999985098839, 12.400000005960464 ] },
                "south": { "texture": "#0", "uv": [ 4.0, 8.0, 4.5999999940395355, 9.400000005960464 ] },
                "west": { "texture": "#0", "uv": [ 0.0, 10.0, 11.999999985098839, 11.400000005960464 ] },
                "up": { "texture": "#0", "uv": [ 0.0, 9.0, 13.599999994039536, 9.999999985098839 ], "rotation": 90 },
                "down": { "texture": "#0", "uv": [ 0.0, 9.0, 12.599999994039536, 9.999999985098839 ], "rotation": 90 }
            }
        },
        {
            "name": "nwLeg",
            "from": [ 1.0, 0.0, 1.0 ], 
            "to": [ 2.0, 8.600000008940697, 2.0 ], 
            "faces": {
                "north": { "texture": "#0", "uv": [ 15.0, 7.0, 16.0, 15.600000008940697 ] },
                "east": { "texture": "#0", "uv": [ 15.0, 7.0, 16.0, 15.600000008940697 ] },
                "south": { "texture": "#0", "uv": [ 15.0, 7.0, 16.0, 15.600000008940697 ] },
                "west": { "texture": "#0", "uv": [ 15.0, 7.0, 16.0, 15.600000008940697 ] },
                "up": { "texture": "#0", "uv": [ 15.0, 12.0, 16.0, 13.0 ] },
                "down": { "texture": "#0", "uv": [ 15.0, 14.0, 16.0, 15.0 ] }
            }
        },
        {
            "name": "neLeg",
            "from": [ 14.0, 0.0, 1.0 ], 
            "to": [ 15.0, 8.600000008940697, 2.0 ], 
            "faces": {
                "north": { "texture": "#0", "uv": [ 15.0, 7.0, 16.0, 15.600000008940697 ] },
                "east": { "texture": "#0", "uv": [ 15.0, 7.0, 16.0, 15.600000008940697 ] },
                "south": { "texture": "#0", "uv": [ 15.0, 7.0, 16.0, 15.600000008940697 ] },
                "west": { "texture": "#0", "uv": [ 15.0, 7.0, 16.0, 15.600000008940697 ] },
                "up": { "texture": "#0", "uv": [ 15.0, 14.0, 16.0, 15.0 ] },
                "down": { "texture": "#0", "uv": [ 15.0, 15.0, 16.0, 16.0 ] }
            }
        },
        {
            "name": "seLeg",
            "from": [ 14.0, 0.0, 14.0 ], 
            "to": [ 15.0, 8.600000008940697, 15.0 ], 
            "faces": {
                "north": { "texture": "#0", "uv": [ 15.0, 7.0, 16.0, 15.600000008940697 ] },
                "east": { "texture": "#0", "uv": [ 15.0, 7.0, 16.0, 15.600000008940697 ] },
                "south": { "texture": "#0", "uv": [ 15.0, 7.0, 16.0, 15.600000008940697 ] },
                "west": { "texture": "#0", "uv": [ 15.0, 7.0, 16.0, 15.600000008940697 ] },
                "up": { "texture": "#0", "uv": [ 15.0, 15.0, 16.0, 16.0 ] },
                "down": { "texture": "#0", "uv": [ 15.0, 15.0, 16.0, 16.0 ] }
            }
        },
        {
            "name": "swLeg",
            "from": [ 1.0, 0.0, 14.0 ], 
            "to": [ 2.0, 8.600000008940697, 15.0 ], 
            "faces": {
                "north": { "texture": "#0", "uv": [ 15.0, 7.0, 16.0, 15.600000008940697 ] },
                "east": { "texture": "#0", "uv": [ 15.0, 7.0, 16.0, 15.600000008940697 ] },
                "south": { "texture": "#0", "uv": [ 15.0, 7.0, 16.0, 15.600000008940697 ] },
                "west": { "texture": "#0", "uv": [ 15.0, 7.0, 16.0, 15.600000008940697 ] },
                "up": { "texture": "#0", "uv": [ 15.0, 15.0, 16.0, 16.0 ] },
                "down": { "texture": "#0", "uv": [ 15.0, 15.0, 16.0, 16.0 ] }
            }
        }
    ]
}