{
  "parent": "block/block",
  "textures": {
    "particle": "draconicevolution:block/disenchanter_bottom",
    "bottom": "draconicevolution:block/disenchanter_bottom",
    "top": "draconicevolution:block/disenchanter_top",
    "side": "draconicevolution:block/disenchanter_side"
  },
  "elements": [
    {
      "from": [ 0, 0, 0 ],
      "to": [ 16, 12, 16 ],
      "faces": {
        "down":  { "uv": [ 0, 0, 16, 16 ], "texture": "#bottom", "cullface": "down" },
        "up":    { "uv": [ 0, 0, 16, 16 ], "texture": "#top" },
        "north": { "uv": [ 0, 4, 16, 16 ], "texture": "#side", "cullface": "north" },
        "south": { "uv": [ 0, 4, 16, 16 ], "texture": "#side", "cullface": "south" },
        "west":  { "uv": [ 0, 4, 16, 16 ], "texture": "#side", "cullface": "west" },
        "east":  { "uv": [ 0, 4, 16, 16 ], "texture": "#side", "cullface": "east" }
      }
    }
  ]
}