{
    "parent": "block/block",
    "textures": {
        "bottom": "draconicevolution:block/rain_sensor_side",
        "top": "draconicevolution:block/rain_sensor_inactive",
        "particle": "draconicevolution:block/rain_sensor_side"
    },
    "elements": [
        {
            "name": "rainSensor",
            "from": [ 0.0, 0.0, 0.0 ], 
            "to": [ 16.0, 1.0, 16.0 ], 
            "faces": {
                "north": { "texture": "#bottom", "uv": [ 0.0, 0.0, 16.0, 1.0 ] },
                "east": { "texture": "#bottom", "uv": [ 0.0, 0.0, 16.0, 1.0 ] },
                "south": { "texture": "#bottom", "uv": [ 0.0, 2.0, 16.0, 3.0 ] },
                "west": { "texture": "#bottom", "uv": [ 0.0, 0.0, 16.0, 1.0 ] },
                "up": { "texture": "#top", "uv": [ 0.0, 0.0, 16.0, 16.0 ] },
                "down": { "texture": "#bottom", "uv": [ 0.0, 0.0, 16.0, 16.0 ] }
            }
        }
    ]
}