{
	"credit": "Made by brandon3055 with Blockbench",
	"parent": "block/block",
	"textures": {
		"1": "draconicevolution:block/generator/generator",
		"2": "draconicevolution:block/generator/generator_2",
		"particle": "draconicevolution:block/generator/generator_2"
	},
	"elements": [
		{
			"name": "frame_front",
			"from": [0, 0, 0],
			"to": [16, 16, 0.95],
			"faces": {
				"north": {"uv": [0, 0, 8, 8], "texture": "#1"},
				"south": {"uv": [0, 0, 8, 8], "texture": "#1"}
			}
		},
		{
			"name": "frame_back",
			"from": [0, 0, 15.05],
			"to": [16, 16, 16],
			"faces": {
				"north": {"uv": [0, 0, 8, 8], "texture": "#1"},
				"south": {"uv": [0, 0, 8, 8], "texture": "#1"}
			}
		},
		{
			"name": "frame_top",
			"from": [0, 15.05, 0],
			"to": [16, 16, 16],
			"faces": {
				"up": {"uv": [0, 0, 8, 8], "texture": "#1"},
				"down": {"uv": [0, 0, 8, 8], "texture": "#1"}
			}
		},
		{
			"name": "frame_bottom",
			"from": [0, 0, 0],
			"to": [16, 0.95, 16],
			"faces": {
				"up": {"uv": [0, 0, 8, 8], "texture": "#1"},
				"down": {"uv": [0, 0, 8, 8], "texture": "#1"}
			}
		},
		{
			"name": "frame_right",
			"from": [0, 0, 0],
			"to": [0.95, 16, 16],
			"faces": {
				"east": {"uv": [0, 0, 8, 8], "texture": "#1"},
				"west": {"uv": [0, 0, 8, 8], "texture": "#1"}
			}
		},
		{
			"name": "frame_left",
			"from": [15.05, 0, 0],
			"to": [16, 16, 16],
			"faces": {
				"east": {"uv": [0, 0, 8, 8], "texture": "#1"},
				"west": {"uv": [0, 0, 8, 8], "texture": "#1"}
			}
		},
		{
			"name": "fb_left",
			"from": [10, 1, 0.5],
			"to": [11, 7, 6.5],
			"rotation": {"angle": 0, "axis": "y", "origin": [8, 8, 7.5]},
			"faces": {
				"north": {"uv": [15.5, 5, 16, 8], "texture": "#1"},
				"east": {"uv": [13, 5, 16, 8], "texture": "#1"},
				"west": {"uv": [13, 5, 16, 8], "texture": "#1"},
				"up": {"uv": [11, 16, 11.5, 13], "texture": "#1"},
				"down": {"uv": [13, 5, 13.5, 8], "texture": "#1"}
			}
		},
		{
			"name": "fb_right",
			"from": [1, 1, 0.5],
			"to": [2, 7, 6.5],
			"rotation": {"angle": 0, "axis": "y", "origin": [8, 8, 7.5]},
			"faces": {
				"north": {"uv": [13, 5, 13.5, 8], "texture": "#1"},
				"east": {"uv": [13, 5, 16, 8], "texture": "#1"},
				"west": {"uv": [13, 5, 16, 8], "texture": "#1"},
				"up": {"uv": [15.5, 16, 16, 13], "texture": "#1"},
				"down": {"uv": [15.5, 5, 16, 8], "texture": "#1"}
			}
		},
		{
			"name": "fb_bottom",
			"from": [2, 1, 0.5],
			"to": [10, 2, 6.5],
			"rotation": {"angle": 0, "axis": "y", "origin": [8, 8, 7.5]},
			"faces": {
				"north": {"uv": [11.5, 13, 15.5, 13.5], "texture": "#1"},
				"up": {"uv": [11.5, 12.5, 15.5, 15.5], "texture": "#1"},
				"down": {"uv": [11.5, 12.5, 15.5, 15.5], "texture": "#1"}
			}
		},
		{
			"name": "fb_top",
			"from": [2, 6, 0.5],
			"to": [10, 7, 6.5],
			"rotation": {"angle": 0, "axis": "y", "origin": [8, 8, 7.5]},
			"faces": {
				"north": {"uv": [11.5, 15.5, 15.5, 16], "texture": "#1"},
				"up": {"uv": [15.5, 15.5, 11.5, 12.5], "texture": "#1"},
				"down": {"uv": [11.5, 12.5, 15.5, 15.5], "texture": "#1"}
			}
		},
		{
			"name": "grill_bottom",
			"from": [2, 2, 0.5],
			"to": [10, 3, 1.5],
			"faces": {
				"north": {"uv": [4.5, 12.5, 8.5, 13], "texture": "#1"},
				"up": {"uv": [4.5, 12.5, 8.5, 13], "texture": "#1"}
			}
		},
		{
			"name": "grill_top",
			"from": [2, 5, 0.5],
			"to": [10, 6, 1.5],
			"faces": {
				"north": {"uv": [4.5, 12.5, 8.5, 13], "texture": "#1"},
				"down": {"uv": [4.5, 12.5, 8.5, 13], "texture": "#1"}
			}
		},
		{
			"name": "grill_left",
			"from": [9, 3, 0.5],
			"to": [10, 5, 1.5],
			"faces": {
				"north": {"uv": [9, 12.5, 9.5, 13.5], "texture": "#1"},
				"west": {"uv": [9.5, 12.5, 10, 13.5], "texture": "#1"}
			}
		},
		{
			"name": "grill_right",
			"from": [2, 3, 0.5],
			"to": [3, 5, 1.5],
			"faces": {
				"north": {"uv": [9, 12.5, 9.5, 13.5], "texture": "#1"},
				"east": {"uv": [8.5, 12.5, 9, 13.5], "texture": "#1"}
			}
		},
		{
			"name": "grill_mid",
			"from": [5.5, 3, 0.5],
			"to": [6.5, 5, 1.5],
			"faces": {
				"north": {"uv": [9, 12.5, 9.5, 13.5], "texture": "#1"},
				"east": {"uv": [8.5, 12.5, 9, 13.5], "texture": "#1"},
				"west": {"uv": [9.5, 12.5, 10, 13.5], "texture": "#1"}
			}
		},
		{
			"name": "grill_mid_left",
			"from": [7.25, 3, 0.5],
			"to": [8.25, 5, 1.5],
			"faces": {
				"north": {"uv": [9, 12.5, 9.5, 13.5], "texture": "#1"},
				"east": {"uv": [8.5, 12.5, 9, 13.5], "texture": "#1"},
				"west": {"uv": [9.5, 12.5, 10, 13.5], "texture": "#1"}
			}
		},
		{
			"name": "grill_mid_right",
			"from": [3.75, 3, 0.5],
			"to": [4.75, 5, 1.5],
			"faces": {
				"north": {"uv": [9, 12.5, 9.5, 13.5], "texture": "#1"},
				"east": {"uv": [8.5, 12.5, 9, 13.5], "texture": "#1"},
				"west": {"uv": [9.5, 12.5, 10, 13.5], "texture": "#1"}
			}
		},
		{
			"name": "fb_back",
			"from": [2, 2, 6],
			"to": [10, 6, 7],
			"faces": {
				"north": {"uv": [11.5, 13, 15.5, 15], "texture": "#1"}
			}
		},
		{
			"name": "fin1",
			"from": [1, 9.75, 7],
			"to": [1.5, 14.75, 15],
			"faces": {
				"north": {"uv": [12, 4, 12.25, 6.5], "texture": "#1"},
				"east": {"uv": [8, 4, 12, 6.5], "texture": "#1"},
				"south": {"uv": [12.5, 4, 12.75, 6.5], "texture": "#1"},
				"west": {"uv": [8, 4, 12, 6.5], "texture": "#1"},
				"up": {"uv": [8, 4, 12, 4.25], "rotation": 90, "texture": "#1"}
			}
		},
		{
			"name": "fin2",
			"from": [2.5, 9.75, 7],
			"to": [3, 14.75, 15],
			"faces": {
				"north": {"uv": [12, 4, 12.25, 6.5], "texture": "#1"},
				"east": {"uv": [8, 4, 12, 6.5], "texture": "#1"},
				"south": {"uv": [12.5, 4, 12.75, 6.5], "texture": "#1"},
				"west": {"uv": [8, 4, 12, 6.5], "texture": "#1"},
				"up": {"uv": [8, 4, 12, 4.25], "rotation": 90, "texture": "#1"}
			}
		},
		{
			"name": "fin3",
			"from": [4, 9.75, 7],
			"to": [4.5, 14.75, 15],
			"faces": {
				"north": {"uv": [12, 4, 12.25, 6.5], "texture": "#1"},
				"east": {"uv": [8, 4, 12, 6.5], "texture": "#1"},
				"south": {"uv": [12.5, 4, 12.75, 6.5], "texture": "#1"},
				"west": {"uv": [8, 4, 12, 6.5], "texture": "#1"},
				"up": {"uv": [8, 4, 12, 4.25], "rotation": 90, "texture": "#1"}
			}
		},
		{
			"name": "fin4",
			"from": [5.5, 9.75, 7],
			"to": [6, 14.75, 15],
			"faces": {
				"north": {"uv": [12, 4, 12.25, 6.5], "texture": "#1"},
				"east": {"uv": [8, 4, 12, 6.5], "texture": "#1"},
				"south": {"uv": [12.5, 4, 12.75, 6.5], "texture": "#1"},
				"west": {"uv": [8, 4, 12, 6.5], "texture": "#1"},
				"up": {"uv": [8, 4, 12, 4.25], "rotation": 90, "texture": "#1"}
			}
		},
		{
			"name": "fin5",
			"from": [7, 9.75, 7],
			"to": [7.5, 14.75, 15],
			"faces": {
				"north": {"uv": [12, 4, 12.25, 6.5], "texture": "#1"},
				"east": {"uv": [8, 4, 12, 6.5], "texture": "#1"},
				"south": {"uv": [12.5, 4, 12.75, 6.5], "texture": "#1"},
				"west": {"uv": [8, 4, 12, 6.5], "texture": "#1"},
				"up": {"uv": [8, 4, 12, 4.25], "rotation": 90, "texture": "#1"}
			}
		},
		{
			"name": "fin6",
			"from": [8.5, 9.75, 7],
			"to": [9, 14.75, 15],
			"faces": {
				"north": {"uv": [12, 4, 12.25, 6.5], "texture": "#1"},
				"east": {"uv": [8, 4, 12, 6.5], "texture": "#1"},
				"south": {"uv": [12.5, 4, 12.75, 6.5], "texture": "#1"},
				"west": {"uv": [8, 4, 12, 6.5], "texture": "#1"},
				"up": {"uv": [8, 4, 12, 4.25], "rotation": 90, "texture": "#1"}
			}
		},
		{
			"name": "fin7",
			"from": [10, 9.75, 7],
			"to": [10.5, 14.75, 15],
			"faces": {
				"north": {"uv": [12, 4, 12.25, 6.5], "texture": "#1"},
				"east": {"uv": [8, 4, 12, 6.5], "texture": "#1"},
				"south": {"uv": [12.5, 4, 12.75, 6.5], "texture": "#1"},
				"west": {"uv": [8, 4, 12, 6.5], "texture": "#1"},
				"up": {"uv": [8, 4, 12, 4.25], "rotation": 90, "texture": "#1"}
			}
		},
		{
			"name": "fin8",
			"from": [11.5, 9.75, 7],
			"to": [12, 14.75, 15],
			"faces": {
				"north": {"uv": [12, 4, 12.25, 6.5], "texture": "#1"},
				"east": {"uv": [8, 4, 12, 6.5], "texture": "#1"},
				"south": {"uv": [12.5, 4, 12.75, 6.5], "texture": "#1"},
				"west": {"uv": [8, 4, 12, 6.5], "texture": "#1"},
				"up": {"uv": [8, 4, 12, 4.25], "rotation": 90, "texture": "#1"}
			}
		},
		{
			"name": "fin9",
			"from": [13, 9.75, 7],
			"to": [13.5, 14.75, 15],
			"faces": {
				"north": {"uv": [12, 4, 12.25, 6.5], "texture": "#1"},
				"east": {"uv": [8, 4, 12, 6.5], "texture": "#1"},
				"south": {"uv": [12.5, 4, 12.75, 6.5], "texture": "#1"},
				"west": {"uv": [8, 4, 12, 6.5], "texture": "#1"},
				"up": {"uv": [8, 4, 12, 4.25], "rotation": 90, "texture": "#1"}
			}
		},
		{
			"name": "fin10",
			"from": [14.5, 9.75, 7],
			"to": [15, 14.75, 15],
			"faces": {
				"north": {"uv": [12, 4, 12.25, 6.5], "texture": "#1"},
				"east": {"uv": [8, 4, 12, 6.5], "texture": "#1"},
				"south": {"uv": [12.5, 4, 12.75, 6.5], "texture": "#1"},
				"west": {"uv": [8, 4, 12, 6.5], "texture": "#1"},
				"up": {"uv": [8, 4, 12, 4.25], "rotation": 90, "texture": "#1"}
			}
		},
		{
			"name": "sink_base",
			"from": [1, 9, 7],
			"to": [15, 9.75, 15],
			"faces": {
				"north": {"uv": [8, 0, 15, 0.125], "texture": "#1"},
				"east": {"uv": [8, 0, 12, 0.125], "texture": "#1"},
				"south": {"uv": [8, 0, 15, 0.125], "texture": "#1"},
				"west": {"uv": [8, 0, 12, 0.125], "texture": "#1"},
				"up": {"uv": [8, 0, 15, 4], "texture": "#1"}
			}
		},
		{
			"name": "main_box",
			"from": [0.5, 0.5, 6.5],
			"to": [15.5, 9.5, 15.5],
			"faces": {
				"north": {"uv": [8.5, 7.5, 16, 12], "texture": "#2"},
				"east": {"uv": [0, 8, 4.5, 12.5], "texture": "#1"},
				"south": {"uv": [8.5, 7.5, 16, 12], "texture": "#2"},
				"west": {"uv": [11.5, 8, 16, 12.5], "texture": "#1"},
				"up": {"uv": [8.5, 7.5, 16, 12], "texture": "#2"},
				"down": {"uv": [8.5, 7.5, 16, 12], "texture": "#2"}
			}
		},
		{
			"name": "plate_right",
			"from": [0.25, 1.5, 7.5],
			"to": [0.5, 8.5, 14.5],
			"faces": {
				"north": {"uv": [12, 8.5, 12.125, 12], "texture": "#1"},
				"south": {"uv": [15, 8.5, 15.125, 12], "texture": "#1"},
				"west": {"uv": [12, 8.5, 15.5, 12], "texture": "#1"},
				"up": {"uv": [12, 8.5, 15.5, 8.625], "rotation": 90, "texture": "#1"},
				"down": {"uv": [12, 11.5, 15.5, 11.625], "rotation": 90, "texture": "#1"}
			}
		},
		{
			"name": "plate_left",
			"from": [15.5, 1.5, 7.5],
			"to": [15.75, 8.5, 14.5],
			"faces": {
				"north": {"uv": [3, 12.5, 3.125, 16], "texture": "#1"},
				"east": {"uv": [0, 12.5, 3.5, 16], "texture": "#1"},
				"south": {"uv": [0, 12.5, 0.125, 16], "texture": "#1"},
				"up": {"uv": [0, 12.5, 3.5, 12.625], "rotation": 90, "texture": "#1"},
				"down": {"uv": [0, 15.5, 3.5, 15.625], "rotation": 90, "texture": "#1"}
			}
		},
		{
			"name": "exhaust",
			"from": [15.75, 5.5, 8.5],
			"to": [5.75, 7.5, 13.5],
			"faces": {
				"north": {"uv": [3.5, 13.5, 8.5, 14.5], "rotation": 180, "texture": "#1"},
				"east": {"uv": [9, 13.5, 10, 16], "rotation": 90, "texture": "#1"},
				"south": {"uv": [3.5, 15, 8.5, 16], "texture": "#1"},
				"up": {"uv": [3.5, 13.5, 8.5, 16], "texture": "#1"},
				"down": {"uv": [3.5, 13.5, 8.5, 16], "texture": "#1"}
			}
		},
		{
			"name": "core_wall1",
			"from": [2.5, 0.5, 6.5],
			"to": [1.5, 9.5, 15.5],
			"rotation": {"angle": 0, "axis": "y", "origin": [8, -2, 8]},
			"faces": {
				"east": {"uv": [0, 8, 4.5, 12.5], "texture": "#1"},
				"west": {"uv": [0, 8, 4.5, 12.5], "texture": "#1"}
			}
		},
		{
			"name": "core_wall2",
			"from": [4.5, 0.5, 6.5],
			"to": [3.5, 9.5, 15.5],
			"rotation": {"angle": 0, "axis": "y", "origin": [8, -2, 8]},
			"faces": {
				"east": {"uv": [0, 8, 4.5, 12.5], "texture": "#1"},
				"west": {"uv": [0, 8, 4.5, 12.5], "texture": "#1"}
			}
		},
		{
			"name": "core_wall3",
			"from": [6.5, 0.5, 6.5],
			"to": [5.5, 9.5, 15.5],
			"rotation": {"angle": 0, "axis": "y", "origin": [8, -2, 8]},
			"faces": {
				"east": {"uv": [0, 8, 4.5, 12.5], "texture": "#1"},
				"west": {"uv": [0, 8, 4.5, 12.5], "texture": "#1"}
			}
		},
		{
			"name": "core_wall4",
			"from": [8.5, 0.5, 6.5],
			"to": [7.5, 9.5, 15.5],
			"rotation": {"angle": 0, "axis": "y", "origin": [8, -2, 8]},
			"faces": {
				"east": {"uv": [0, 8, 4.5, 12.5], "texture": "#1"},
				"west": {"uv": [0, 8, 4.5, 12.5], "texture": "#1"}
			}
		},
		{
			"name": "core_wall5",
			"from": [10.5, 0.5, 6.5],
			"to": [9.5, 9.5, 15.5],
			"rotation": {"angle": 0, "axis": "y", "origin": [8, -2, 8]},
			"faces": {
				"east": {"uv": [0, 8, 4.5, 12.5], "texture": "#1"},
				"west": {"uv": [0, 8, 4.5, 12.5], "texture": "#1"}
			}
		},
		{
			"name": "core_wall6",
			"from": [12.5, 0.5, 6.5],
			"to": [11.5, 9.5, 15.5],
			"rotation": {"angle": 0, "axis": "y", "origin": [8, -2, 8]},
			"faces": {
				"east": {"uv": [0, 8, 4.5, 12.5], "texture": "#1"},
				"west": {"uv": [0, 8, 4.5, 12.5], "texture": "#1"}
			}
		},
		{
			"name": "core_wall7",
			"from": [14.5, 0.5, 6.5],
			"to": [13.5, 9.5, 15.5],
			"rotation": {"angle": 0, "axis": "y", "origin": [8, -2, 8]},
			"faces": {
				"east": {"uv": [0, 8, 4.5, 12.5], "texture": "#1"},
				"west": {"uv": [0, 8, 4.5, 12.5], "texture": "#1"}
			}
		},
		{
			"name": "core",
			"from": [1.5, 1, 7],
			"to": [14.5, 9, 15],
			"rotation": {"angle": 0, "axis": "y", "origin": [8, -2, 8]},
			"faces": {
				"north": {"uv": [4.5, 8, 11, 12], "texture": "#1"},
				"south": {"uv": [4.5, 8, 11, 12], "texture": "#1"},
				"down": {"uv": [4.5, 8, 11, 12], "texture": "#1"}
			}
		},
		{
			"name": "store_bottom",
			"from": [2.5, 7, 2],
			"to": [9.5, 7.5, 5],
			"faces": {
				"north": {"uv": [3, 0, 6.5, 0.25], "texture": "#2"},
				"east": {"uv": [4.5, 2, 6, 2.25], "texture": "#2"},
				"south": {"uv": [3, 2, 6.5, 2.25], "texture": "#2"},
				"west": {"uv": [3.5, 2, 5, 2.25], "texture": "#2"}
			}
		},
		{
			"name": "store_mid",
			"from": [2, 7.5, 1.5],
			"to": [10, 8, 5.5],
			"faces": {
				"north": {"uv": [2.5, 0, 6.5, 0.25], "texture": "#2"},
				"east": {"uv": [4, 2, 6, 2.25], "texture": "#2"},
				"south": {"uv": [2.5, 2, 6.5, 2.25], "texture": "#2"},
				"west": {"uv": [3.5, 2, 5.5, 2.25], "texture": "#2"},
				"down": {"uv": [0, 2.5, 4, 4.5], "texture": "#2"}
			}
		},
		{
			"name": "store_top",
			"from": [1.5, 8, 1],
			"to": [10.5, 12.5, 6],
			"faces": {
				"north": {"uv": [2.5, 0, 7, 2.25], "rotation": 180, "texture": "#2"},
				"east": {"uv": [0, 0, 2.5, 2.25], "rotation": 180, "texture": "#2"},
				"south": {"uv": [2.5, 0, 7, 2.25], "rotation": 180, "texture": "#2"},
				"west": {"uv": [7, 0, 9.5, 2.25], "rotation": 180, "texture": "#2"},
				"down": {"uv": [2.5, 0, 7, 2.5], "texture": "#2"}
			}
		},
		{
			"name": "inset",
			"from": [1.5, 12.5, 1],
			"to": [10.5, 13, 6],
			"faces": {
				"north": {"uv": [4.5, 4.5, 9, 5], "texture": "#2"},
				"east": {"uv": [4.5, 2.5, 5, 5], "rotation": 90, "texture": "#2"},
				"south": {"uv": [4.5, 2.5, 9, 3], "texture": "#2"},
				"west": {"uv": [8.5, 2.5, 9, 5], "rotation": 90, "texture": "#2"},
				"up": {"uv": [4.5, 2.5, 9, 5], "texture": "#2"}
			}
		},
		{
			"name": "fan_box",
			"from": [12, 3.5, 0.5],
			"to": [15, 9.5, 6.5],
			"rotation": {"angle": 0, "axis": "y", "origin": [7.5, 8, 8]},
			"faces": {
				"north": {"uv": [3, 5, 6, 6.5], "rotation": 90, "texture": "#2"},
				"east": {"uv": [0, 6.5, 3, 9.5], "texture": "#2"},
				"south": {"uv": [0, 5, 3, 6.5], "rotation": 90, "texture": "#2"},
				"west": {"uv": [3, 6.5, 6, 9.5], "texture": "#2"},
				"up": {"uv": [0, 5, 3, 6.5], "rotation": 270, "texture": "#2"},
				"down": {"uv": [5.5, 5, 8.5, 6.5], "rotation": 270, "texture": "#2"}
			}
		},
		{
			"name": "fan_motor",
			"from": [10.5, 5.5, 2.5],
			"to": [12.5, 7.5, 4.5],
			"rotation": {"angle": 0, "axis": "y", "origin": [7.5, 8, 8]},
			"faces": {
				"north": {"uv": [3.5, 10.5, 4.5, 11.5], "texture": "#2"},
				"south": {"uv": [3.5, 9.5, 4.5, 10.5], "texture": "#2"},
				"west": {"uv": [4.5, 9.5, 5.5, 10.5], "texture": "#2"},
				"up": {"uv": [3.5, 9.5, 4.5, 10.5], "texture": "#2"},
				"down": {"uv": [3.5, 11.5, 4.5, 12.5], "texture": "#2"}
			}
		},
		{
			"name": "fan_duct",
			"from": [10.5, 2, 2.5],
			"to": [14.25, 3.5, 4.5],
			"rotation": {"angle": 0, "axis": "y", "origin": [7.5, 8, 8]},
			"faces": {
				"north": {"uv": [6, 6.5, 7.875, 7.25], "texture": "#2"},
				"east": {"uv": [8, 6.5, 9, 7.25], "texture": "#2"},
				"south": {"uv": [6, 8.5, 7.875, 9.25], "texture": "#2"},
				"up": {"uv": [6, 7.5, 7.875, 8.5], "texture": "#2"},
				"down": {"uv": [6, 7.5, 7.875, 8.5], "texture": "#2"}
			}
		},
		{
			"name": "fan_inner",
			"from": [15, 4, 1],
			"to": [12.5, 9, 6],
			"rotation": {"angle": 0, "axis": "y", "origin": [7.5, 8, 8]},
			"faces": {
				"north": {"uv": [2.5, 10, 3.5, 12.5], "texture": "#2"},
				"east": {"uv": [0.5, 10, 3, 12.5], "texture": "#2"},
				"south": {"uv": [0, 10, 1, 12.5], "texture": "#2"},
				"up": {"uv": [0.5, 9.5, 3, 10.5], "rotation": 270, "texture": "#2"},
				"down": {"uv": [0.5, 12, 3, 13], "rotation": 90, "texture": "#2"}
			}
		}
	],
	"groups": [
		{
			"name": "Frame2",
			"origin": [8, 8, 8],
			"children": [0, 1, 2, 3, 4, 5]
		},
		{
			"name": "Combustion Chamber",
			"origin": [8, 8, 8],
			"children": [6, 7, 8, 9, 10, 11, 12, 13, 14, 15, 16, 17]
		},
		{
			"name": "Converter",
			"origin": [8, 8, 8],
			"children": [
				{
					"name": "heat_sink",
					"origin": [8, 8, 8],
					"children": [18, 19, 20, 21, 22, 23, 24, 25, 26, 27, 28]
				}, 29, 30, 31, 32, 33, 34, 35, 36, 37, 38, 39, 40]
		},
		{
			"name": "Storage",
			"origin": [8, 8, 8],
			"children": [41, 42, 43, 44]
		},
		{
			"name": "Fan",
			"origin": [8, 8, 8],
			"children": [45, 46, 47, 48]
		}
	]
}