{
	"credit": "Made by brandon3055 with Blockbench",
	"textures": {
		"2": "draconicevolution:block/generator/generator_2",
		"particle": "draconicevolution:block/generator/generator_2"
	},
	"elements": [
		{
			"name": "hub",
			"from": [12.5, 6, 3],
			"to": [14.75, 7, 4],
			"rotation": {"angle": 0, "axis": "y", "origin": [13.6197, 6.5186, 3.4867]},
			"faces": {
				"north": {"uv": [0, 13.5, 1.125, 14], "texture": "#2"},
				"east": {"uv": [0, 15, 0.5, 15.5], "texture": "#2"},
				"south": {"uv": [0, 14, 1.125, 14.5], "texture": "#2"},
				"up": {"uv": [0, 13, 1.125, 13.5], "texture": "#2"},
				"down": {"uv": [0, 14, 1.125, 14.5], "texture": "#2"}
			}
		},
		{
			"name": "rotor1",
			"from": [12.5, 7, 3.25],
			"to": [14.75, 9, 3.75],
			"rotation": {"angle": 0, "axis": "y", "origin": [13.6197, 6.5186, 3.4867]},
			"faces": {
				"north": {"uv": [1.5, 15, 2.625, 16], "texture": "#2"},
				"east": {"uv": [3, 15, 3.25, 16], "texture": "#2"},
				"south": {"uv": [1.5, 13, 2.625, 14], "texture": "#2"},
				"up": {"uv": [1.5, 14, 2.625, 14.25], "texture": "#2"}
			}
		},
		{
			"name": "rotor2",
			"from": [12.5, 4, 3.25],
			"to": [14.75, 6, 3.75],
			"rotation": {"angle": 0, "axis": "y", "origin": [13.6197, 6.5186, 3.4867]},
			"faces": {
				"north": {"uv": [1.5, 13, 2.625, 14], "texture": "#2"},
				"east": {"uv": [3, 15, 3.25, 16], "texture": "#2"},
				"south": {"uv": [1.5, 15, 2.625, 16], "texture": "#2"},
				"down": {"uv": [1.5, 14.5, 2.625, 14.75], "texture": "#2"}
			}
		},
		{
			"name": "rotor3",
			"from": [12.5, 6.25, 1],
			"to": [14.75, 6.75, 3],
			"rotation": {"angle": 0, "axis": "y", "origin": [13.6197, 6.5186, 3.4867]},
			"faces": {
				"north": {"uv": [1.5, 14.5, 2.625, 14.75], "texture": "#2"},
				"east": {"uv": [3, 15, 3.25, 16], "rotation": 90, "texture": "#2"},
				"up": {"uv": [1.5, 13, 2.625, 14], "texture": "#2"},
				"down": {"uv": [1.5, 15, 2.625, 16], "texture": "#2"}
			}
		},
		{
			"name": "rotor4",
			"from": [12.5, 6.25, 4],
			"to": [14.75, 6.75, 6],
			"rotation": {"angle": 0, "axis": "y", "origin": [13.6197, 6.5186, 3.4867]},
			"faces": {
				"east": {"uv": [3, 15, 3.25, 16], "rotation": 90, "texture": "#2"},
				"south": {"uv": [1.5, 14.5, 2.625, 14.75], "texture": "#2"},
				"up": {"uv": [1.5, 15, 2.625, 16], "texture": "#2"},
				"down": {"uv": [1.5, 13, 2.625, 14], "texture": "#2"}
			}
		}
	],
	"display": {
		"thirdperson_righthand": {
			"translation": [0, 8.25, -12.5]
		}
	},
	"groups": [
		{
			"name": "rotor",
			"origin": [8, 8, 8],
			"children": [0, 1, 2, 3, 4]
		}
	]
}