{
	"credit": "Made by brandon3055 with Blockbench",
	"parent": "block/block",
	"textures": {
		"3": "draconicevolution:block/parts/machine_frame",
		"4": "draconicevolution:block/grinder",
		"5": "draconicevolution:block/parts/machine_fan",
		"particle": "draconicevolution:block/parts/machine_fan"
	},
	"elements": [
		{
			"name": "frame1",
			"from": [0, 0, 0],
			"to": [0.9, 16, 16],
			"faces": {
				"east": {"uv": [0, 0, 16, 16], "texture": "#3"},
				"west": {"uv": [0, 0, 16, 16], "texture": "#3"}
			}
		},
		{
			"name": "frame2",
			"from": [15.1, 0, 0],
			"to": [16, 16, 16],
			"faces": {
				"east": {"uv": [0, 0, 16, 16], "texture": "#3"},
				"west": {"uv": [0, 0, 16, 16], "texture": "#3"}
			}
		},
		{
			"name": "frame3",
			"from": [0, 15.1, 0],
			"to": [16, 16, 16],
			"faces": {
				"up": {"uv": [0, 0, 16, 16], "texture": "#3"},
				"down": {"uv": [0, 0, 16, 16], "texture": "#3"}
			}
		},
		{
			"name": "frame4",
			"from": [0, 0, 0],
			"to": [16, 0.9, 16],
			"faces": {
				"up": {"uv": [0, 0, 16, 16], "texture": "#3"},
				"down": {"uv": [0, 0, 16, 16], "texture": "#3"}
			}
		},
		{
			"name": "frame5",
			"from": [0, 0, 15.1],
			"to": [16, 16, 16],
			"faces": {
				"north": {"uv": [0, 0, 16, 16], "texture": "#3"},
				"south": {"uv": [0, 0, 16, 16], "texture": "#3"}
			}
		},
		{
			"name": "frame6",
			"from": [0, 0, 0],
			"to": [16, 16, 0.9],
			"faces": {
				"north": {"uv": [0, 0, 16, 16], "texture": "#3"},
				"south": {"uv": [0, 0, 16, 16], "texture": "#3"}
			}
		},
		{
			"name": "frame_cube",
			"from": [0.5, 0.5, 0.5],
			"to": [15.5, 15.5, 15.5],
			"faces": {
				"east": {"uv": [0.25, 0.25, 7.75, 7.75], "texture": "#5"},
				"south": {"uv": [0.25, 8.25, 7.75, 15.75], "texture": "#5"},
				"west": {"uv": [0.25, 0.25, 7.75, 7.75], "texture": "#5"},
				"up": {"uv": [0.25, 0.25, 7.75, 7.75], "texture": "#5"},
				"down": {"uv": [0.25, 0.25, 7.75, 7.75], "texture": "#5"}
			}
		},
		{
			"name": "fan_back",
			"from": [0.75, 0.75, 15],
			"to": [15.25, 15.25, 13],
			"faces": {
				"east": {"uv": [15, 8, 16, 16], "texture": "#5"},
				"south": {"uv": [8, 8, 16, 16], "texture": "#5"},
				"west": {"uv": [8, 8, 9, 16], "texture": "#5"},
				"up": {"uv": [8, 8, 16, 9], "texture": "#5"},
				"down": {"uv": [8, 15, 16, 16], "texture": "#5"}
			}
		},
		{
			"name": "skull_a",
			"from": [4.5, 5, 0.5],
			"to": [11.5, 12, 3.5],
			"rotation": {"angle": 0, "axis": "y", "origin": [8, 7, 15.5]},
			"faces": {
				"north": {"uv": [1.5, 1.5, 5.5, 5.5], "texture": "#4"},
				"east": {"uv": [0, 1.5, 1.5, 5.5], "texture": "#4"},
				"west": {"uv": [5.5, 1.5, 7, 5.5], "texture": "#4"},
				"up": {"uv": [1.5, 0, 5.5, 1.5], "texture": "#4"},
				"down": {"uv": [1.5, 0, 5.5, 1.5], "texture": "#4"}
			}
		},
		{
			"name": "skull_b",
			"from": [11.25, 5.5, 0.5],
			"to": [4.75, 11.75, 3.5],
			"rotation": {"angle": 0, "axis": "y", "origin": [8, 7, 15.5]},
			"faces": {
				"east": {"uv": [0, 1.5, 1.5, 5.5], "texture": "#4"},
				"west": {"uv": [5.5, 1.5, 7, 5.5], "texture": "#4"},
				"up": {"uv": [1.5, 0, 5.5, 1.5], "texture": "#4"},
				"down": {"uv": [1.5, 0, 5.5, 1.5], "texture": "#4"}
			}
		},
		{
			"name": "back_plate",
			"from": [0.75, 0.75, 4],
			"to": [15.25, 15.25, 1],
			"faces": {
				"north": {"uv": [8.5, 0, 16, 7.5], "texture": "#4"},
				"east": {"uv": [14.5, 8, 16, 15.5], "texture": "#5"},
				"west": {"uv": [8, 8, 9.5, 15.5], "texture": "#5"},
				"up": {"uv": [8, 8, 15.5, 9.5], "texture": "#5"},
				"down": {"uv": [8, 14.5, 15.5, 16], "texture": "#5"}
			}
		},
		{
			"name": "skull_glow",
			"from": [4.5, 5, 1.3],
			"to": [11.5, 12, 2.3],
			"faces": {
				"north": {"uv": [12, 4, 16, 8], "texture": "#4"}
			}
		},
		{
			"name": "hand1",
			"from": [1, 1.5, 1],
			"to": [4, 3.5, 4],
			"rotation": {"angle": 0, "axis": "y", "origin": [8, 7.5, 8]},
			"faces": {
				"north": {"uv": [10.5, 8.5, 12, 9.5], "texture": "#4"},
				"east": {"uv": [10.5, 8.5, 12, 9.5], "texture": "#4"},
				"west": {"uv": [10.5, 8.5, 12, 9.5], "texture": "#4"},
				"up": {"uv": [10.5, 8, 12, 9.5], "texture": "#4"},
				"down": {"uv": [10.5, 9, 12, 10.5], "texture": "#4"}
			}
		},
		{
			"name": "hand2",
			"from": [12, 1.5, 1],
			"to": [15, 3.5, 4],
			"rotation": {"angle": 0, "axis": "y", "origin": [8, 7.5, 8]},
			"faces": {
				"north": {"uv": [10.5, 9, 12, 10], "texture": "#4"},
				"east": {"uv": [10.5, 8.5, 12, 9.5], "texture": "#4"},
				"west": {"uv": [10.5, 8.5, 12, 9.5], "texture": "#4"},
				"up": {"uv": [10.5, 8, 12, 9.5], "texture": "#4"},
				"down": {"uv": [10.5, 9, 12, 10.5], "texture": "#4"}
			}
		},
		{
			"name": "xp_core",
			"from": [6.5, 2, 3],
			"to": [9.5, 4, 4],
			"rotation": {"angle": 0, "axis": "y", "origin": [8, 8, 17]},
			"faces": {
				"north": {"uv": [12, 10.5, 14.5, 12], "texture": "#4"},
				"up": {"uv": [12, 10.5, 14.5, 11], "texture": "#4"},
				"down": {"uv": [12, 11.5, 14.5, 12], "texture": "#4"}
			}
		},
		{
			"name": "xp_l",
			"from": [9.5, 2, 2.5],
			"to": [10, 4, 4],
			"rotation": {"angle": 0, "axis": "y", "origin": [8, 8, 17]},
			"faces": {
				"north": {"uv": [11, 10.5, 11.5, 12], "texture": "#4"},
				"east": {"uv": [10.5, 10.5, 11.25, 12], "texture": "#4"},
				"west": {"uv": [11, 10.5, 11.75, 12], "texture": "#4"},
				"up": {"uv": [11, 10.5, 11.5, 11.25], "texture": "#4"},
				"down": {"uv": [11, 11, 11.5, 11.75], "texture": "#4"}
			}
		},
		{
			"name": "xp_r",
			"from": [6, 2, 2.5],
			"to": [6.5, 4, 4],
			"rotation": {"angle": 0, "axis": "y", "origin": [8, 8, 17]},
			"faces": {
				"north": {"uv": [15, 10.5, 15.5, 12], "texture": "#4"},
				"east": {"uv": [14.5, 10.5, 15.25, 12], "texture": "#4"},
				"west": {"uv": [15, 10.5, 15.75, 12], "texture": "#4"},
				"up": {"uv": [15, 10.5, 15.5, 11.25], "texture": "#4"},
				"down": {"uv": [15, 11, 15.5, 11.75], "texture": "#4"}
			}
		},
		{
			"name": "xp_t",
			"from": [6, 4, 2.5],
			"to": [10, 4.25, 4],
			"rotation": {"angle": 0, "axis": "y", "origin": [8, 8, 15]},
			"faces": {
				"north": {"uv": [11.5, 12, 15, 12.25], "texture": "#4"},
				"east": {"uv": [11, 12.5, 11.75, 12.75], "texture": "#4"},
				"west": {"uv": [14.5, 12.5, 15.25, 12.75], "texture": "#4"},
				"up": {"uv": [11.5, 12, 15, 12.75], "texture": "#4"},
				"down": {"uv": [11.5, 12, 15, 12.75], "texture": "#4"}
			}
		},
		{
			"name": "xp_b",
			"from": [6, 1.75, 2.5],
			"to": [10, 2, 4],
			"rotation": {"angle": 0, "axis": "y", "origin": [8, 8, 15]},
			"faces": {
				"north": {"uv": [11.5, 12, 15, 12.25], "texture": "#4"},
				"east": {"uv": [11, 12.5, 11.75, 12.75], "texture": "#4"},
				"west": {"uv": [14.5, 12.5, 15.25, 12.75], "texture": "#4"},
				"up": {"uv": [11.5, 12, 15, 12.75], "texture": "#4"},
				"down": {"uv": [11.5, 12, 15, 12.75], "texture": "#4"}
			}
		}
	]
}