{
	"credit": "Made with Blockbench",
	"parent": "minecraft:block/block",
	"textures": {
		"1": "indrev:block/machine_block",
		"2": "indrev:block/fluid_pipe_side_mk1",
		"3": "indrev:block/capsule",
		"particle": "indrev:block/machine_block"
	},
	"elements": [
		{
			"from": [0, 0, 0],
			"to": [16, 13, 16],
			"rotation": {"angle": 0, "axis": "y", "origin": [10, 8, 10]},
			"faces": {
				"north": {"uv": [5.333, 5.6665, 10.665, 10.832], "texture": "#1"},
				"east": {"uv": [5.333, 5.6665, 10.665, 10.832], "texture": "#1"},
				"south": {"uv": [5.333, 5.6665, 10.665, 10.832], "texture": "#1"},
				"west": {"uv": [5.333, 5.6665, 10.665, 10.832], "texture": "#1"},
				"up": {"uv": [5.33333, 0, 10.66667, 5.33333], "texture": "#1"},
				"down": {"uv": [5.33333, 10.66667, 10.66667, 16], "texture": "#1"}
			}
		},
		{
			"from": [1.2, 13, 10.8],
			"to": [5.2, 16, 14.8],
			"rotation": {"angle": 0, "axis": "y", "origin": [3, 15.625, 13]},
			"faces": {
				"north": {"uv": [6, 0, 10, 6], "texture": "#2"},
				"east": {"uv": [6, 0, 10, 6], "texture": "#2"},
				"south": {"uv": [6, 0, 10, 6], "texture": "#2"},
				"west": {"uv": [6, 0, 10, 6], "texture": "#2"},
				"up": {"uv": [4, 10, 0, 6], "texture": "#2"},
				"down": {"uv": [4, 6, 0, 10], "texture": "#2"}
			}
		},
		{
			"from": [10.8, 13, 1.2],
			"to": [14.8, 16, 5.2],
			"rotation": {"angle": 0, "axis": "y", "origin": [13, 15, 3]},
			"faces": {
				"north": {"uv": [6, 0, 10, 6], "texture": "#2"},
				"east": {"uv": [6, 0, 10, 6], "texture": "#2"},
				"south": {"uv": [6, 0, 10, 6], "texture": "#2"},
				"west": {"uv": [6, 0, 10, 6], "texture": "#2"},
				"up": {"uv": [4, 10, 0, 6], "texture": "#2"},
				"down": {"uv": [4, 6, 0, 10], "texture": "#2"}
			}
		},
		{
			"from": [0, 15, 0],
			"to": [16, 16, 16],
			"rotation": {"angle": 0, "axis": "y", "origin": [6, 13.625, 13]},
			"faces": {
				"north": {"uv": [1, 14, 7, 14.5], "texture": "#3"},
				"east": {"uv": [1, 14.5, 7, 15], "texture": "#3"},
				"south": {"uv": [7, 14, 13, 14.5], "texture": "#3"},
				"west": {"uv": [7, 14.5, 10, 15], "texture": "#3"},
				"up": {"uv": [15, 15, 1, 1], "texture": "#3"},
				"down": {"uv": [16, 0, 0, 16], "texture": "#3"}
			}
		}
	]
}