{
	"credit": "Made with Blockbench",
	"parent": "block/cube_all",
	"textures": {
		"0": "indrev:block/machine_block",
		"2": "indrev:block/capsule",
		"particle": "indrev:block/machine_block"
	},
	"elements": [
		{
			"from": [0, 1, 0],
			"to": [16, 2, 16],
			"rotation": {"angle": 0, "axis": "y", "origin": [0, 1, 0]},
			"faces": {
				"north": {"uv": [5.33333, 15.66667, 10.66667, 16], "texture": "#0"},
				"east": {"uv": [5.33333, 15.66667, 10.66667, 16], "texture": "#0"},
				"south": {"uv": [5.33333, 15.66667, 10.66667, 16], "texture": "#0"},
				"west": {"uv": [5.33333, 15.66667, 10.66667, 16], "texture": "#0"},
				"up": {"uv": [5.33333, 10.66667, 10.66667, 16], "texture": "#0"},
				"down": {"uv": [5.33333, 10.66667, 10.66667, 16], "texture": "#0"}
			}
		},
		{
			"from": [0, 14, 0],
			"to": [16, 16, 16],
			"faces": {
				"north": {"uv": [5.33333, 15.66667, 10.66667, 16], "texture": "#0"},
				"east": {"uv": [5.33333, 15.66667, 10.66667, 16], "texture": "#0"},
				"south": {"uv": [5.33333, 15.66667, 10.66667, 16], "texture": "#0"},
				"west": {"uv": [5.33333, 15.66667, 10.66667, 16], "texture": "#0"},
				"up": {"uv": [5.33333, 10.66667, 10.66667, 16], "texture": "#0"},
				"down": {"uv": [5.33333, 10.66667, 10.66667, 16], "texture": "#0"}
			}
		},
		{
			"from": [1, 0, 1],
			"to": [15, 1, 15],
			"rotation": {"angle": 0, "axis": "y", "origin": [0, -14, 0]},
			"faces": {
				"north": {"uv": [5.33333, 15.66667, 10.66667, 16], "texture": "#0"},
				"east": {"uv": [5.33333, 15.66667, 10.66667, 16], "texture": "#0"},
				"south": {"uv": [5.33333, 15.66667, 10.66667, 16], "texture": "#0"},
				"west": {"uv": [5.33333, 15.66667, 10.66667, 16], "texture": "#0"},
				"up": {"uv": [5.66667, 11, 10.33333, 15.66667], "texture": "#0"},
				"down": {"uv": [5.66667, 11, 10.33333, 15.66667], "texture": "#0"}
			}
		},
		{
			"from": [1, 2, 1],
			"to": [15, 14, 15],
			"rotation": {"angle": 0, "axis": "y", "origin": [0, 1, 0]},
			"faces": {
				"north": {"uv": [1, 1, 15, 15], "texture": "#2"},
				"east": {"uv": [1, 1, 15, 15], "texture": "#2"},
				"south": {"uv": [1, 1, 15, 15], "texture": "#2"},
				"west": {"uv": [1, 1, 15, 15], "texture": "#2"},
				"up": {"uv": [3, 2, 13, 14], "texture": "#2"},
				"down": {"uv": [3, 2, 13, 14], "texture": "#2"}
			}
		}
	]
}